id;snp1;snp2;snp3;status;sex;age
1;A/A;C/T;G/G;Ca;Male;63
2;A/G;C/C;A/G;Ca;Female;46
3;A/A;C/C;G/G;Ca;Female;52
4;A/A;C/T;G/G;Ca;Male;49
5;A/A;C/T;G/G;Ca;Female;57
6;A/G;C/T;A/G;Ca;Female;71
7;A/G;C/C;A/G;Ca;Male;46
8;A/A;C/C;G/G;Ca;Female;39
9;A/A;C/T;G/G;Ca;Female;32
10;A/A;C/T;G/G;Ca;Male;57
12;A/A;C/T;G/G;Ca;Male;34
13;A/G;C/C;A/G;Ca;Male;27
14;A/A;C/T;G/G;Ca;Female;45
15;A/A;C/C;G/G;Ca;Female;28
16;A/A;C/C;G/G;Ca;Female;50
17;A/A;C/C;G/G;Ca;Female;41
18;A/A;C/C;G/G;Ca;Female;40
19;A/A;C/C;G/G;Ca;Male;53
20;A/A;C/C;G/G;Ca;Male;32
21;A/G;C/C;A/G;Ca;Female;27
22;A/A;C/C;G/G;Ca;Female;24
23;A/A;T/T;G/G;Ca;Female;45
24;A/G;C/C;A/G;Ca;Female;55
25;A/G;C/C;A/G;Ca;Male;54
26;A/A;C/T;G/G;Ca;Male;34
28;A/G;C/C;G/G;Ca;Male;48
29;A/A;C/C;G/G;Ca;Female;53
30;A/A;C/C;G/G;Ca;Female;80
31;A/A;C/C;G/G;Ca;Female;49
32;A/A;C/T;G/G;Ca;Male;48
33;A/A;T/T;G/G;Ca;Female;68
34;A/A;C/T;G/G;Ca;Female;46
35;A/G;C/C;A/G;Ca;Female;27
36;A/A;C/T;G/G;Ca;Male;29
37;A/G;C/T;A/G;Ca;Female;33
38;A/G;C/C;A/G;Ca;Female;55
39;A/G;C/T;A/G;Ca;Male;52
40;A/A;T/T;G/G;Ca;Female;71
41;A/A;C/C;G/G;Ca;Female;39
42;A/G;C/T;A/G;Ca;Female;46
43;A/G;C/T;A/G;Ca;Male;56
44;A/A;C/T;G/G;Ca;Male;63
45;A/A;C/C;G/G;Ca;Male;72
46;A/A;C/C;G/G;Ca;Female;29
47;A/A;C/C;G/G;Ca;Female;37
48;A/A;C/T;G/G;Ca;Male;68
49;A/A;C/T;G/G;Ca;Male;44
50;A/A;C/T;G/G;Ca;Female;39
51;A/G;C/C;A/G;Ca;Male;30
52;A/A;C/C;G/G;Ca;Male;69
53;A/A;C/C;G/G;Ca;Female;19
54;A/G;C/T;A/G;Ca;Male;70
55;A/G;C/C;A/G;Ca;Female;70
56;A/A;C/C;G/G;Ca;Female;46
57;A/G;C/T;A/G;Ca;Male;63
58;A/G;C/C;A/G;Ca;Male;32
59;A/G;C/T;A/G;Ca;Male;47
60;A/A;C/C;G/G;Ca;Female;59
62;A/G;C/T;A/G;Ca;Female;48
63;A/G;C/C;A/G;Ca;Female;29
65;A/G;C/C;A/G;Ca;Male;58
66;A/A;C/T;G/G;Ca;Female;57
67;A/A;C/C;G/G;Ca;Female;55
68;A/A;C/T;G/G;Ca;Female;37
69;A/A;C/C;G/G;Ca;Female;48
70;A/G;C/T;A/G;Ca;Female;24
72;A/A;C/C;G/G;Ca;Male;51
73;A/G;C/T;A/G;Ca;Female;34
74;A/G;C/T;A/G;Ca;Female;65
75;A/A;C/C;G/G;Ca;Female;47
76;A/G;C/C;A/G;Ca;Female;27
77;A/A;C/T;G/G;Ca;Female;41
78;A/A;C/C;G/G;Ca;Male;58
79;A/A;C/C;G/G;Ca;Male;54
80;A/A;C/C;G/G;Ca;Male;66
81;A/A;C/T;G/G;Ca;Female;49
82;A/A;C/T;G/G;Ca;Female;66
83;A/A;T/T;G/G;Ca;Female;54
84;A/A;C/C;G/G;Ca;Female;72
85;A/A;C/C;G/G;Ca;Female;72
86;A/A;C/C;G/G;Ca;Male;70
88;A/G;C/T;A/G;Ca;Male;46
89;A/G;C/C;A/G;Ca;Male;66
92;A/A;T/T;G/G;Ca;Female;62
93;A/G;C/T;A/G;Ca;Female;43
94;A/A;C/T;G/G;Ca;Female;36
95;A/A;C/C;G/G;Ca;Female;50
100;A/A;C/C;G/G;Ca;Female;51
106;A/A;C/T;G/G;Ca;Female;57
108;A/G;C/T;A/G;Ca;Female;55
111;A/A;C/T;G/G;Ca;Female;51
113;A/G;C/C;G/G;Ca;Female;57
120;A/A;C/C;G/G;Ca;Female;42
130;A/A;C/C;G/G;Ca;Male;41
136;A/A;C/T;G/G;Ca;Male;49
138;A/A;C/C;G/G;Ca;Female;43
140;A/G;C/C;A/G;Ca;Male;46
141;A/A;C/T;G/G;Ca;Female;41
142;A/G;C/C;A/G;Ca;Female;64
143;A/A;C/C;G/G;Ca;Female;69
144;A/G;C/C;A/G;Ca;Female;70
146;A/G;C/C;A/G;Ca;Male;60
148;A/A;C/C;G/G;Ca;Male;48
149;A/A;T/T;G/G;Ca;Female;49
150;A/G;C/T;A/G;Ca;Female;36
151;A/A;C/C;G/G;Ca;Male;66
152;A/G;C/C;A/G;Ca;Female;50
153;G/G;C/C;A/A;Ca;Male;59
154;A/G;C/C;A/G;Ca;Female;57
155;A/G;C/C;A/G;Ca;Male;56
156;G/G;C/C;A/A;Ca;Female;60
157;A/G;C/T;A/G;Ca;Male;63
158;A/G;C/T;A/G;Ca;Female;78
159;A/G;C/C;A/G;Ca;Female;57
160;A/G;C/C;A/G;Ca;Female;67
161;A/A;C/C;G/G;Ca;Male;62
162;A/G;C/C;A/G;Ca;Female;47
163;A/A;C/C;G/G;Ca;Female;57
164;A/A;C/C;G/G;Ca;Male;39
165;A/A;C/C;G/G;Ca;Male;66
166;A/A;C/T;G/G;Ca;Male;54
167;A/A;C/C;G/G;Ca;Female;77
169;A/G;C/T;A/G;Ca;Female;63
170;A/A;C/T;G/G;Ca;Female;51
171;A/A;C/C;G/G;Ca;Male;64
172;A/G;C/C;A/G;Ca;Male;68
173;A/G;C/C;A/G;Ca;Female;62
174;A/A;C/T;G/G;Ca;Male;34
175;A/A;C/C;G/G;Ca;Female;67
176;A/A;C/T;G/G;Ca;Female;62
177;A/G;C/C;A/G;Ca;Female;81
178;A/A;T/T;G/G;Ca;Male;42
179;A/A;C/C;G/G;Ca;Male;59
180;A/A;C/C;G/G;Ca;Male;30
181;A/A;C/T;G/G;Ca;Female;43
182;A/A;C/T;G/G;Ca;Female;48
183;A/A;C/C;G/G;Ca;Male;60
184;A/G;C/C;G/G;Ca;Female;61
185;A/A;C/C;G/G;Ca;Female;38
187;A/G;C/C;A/G;Ca;Male;68
188;A/G;C/T;A/G;Ca;Male;35
189;A/G;C/T;A/G;Ca;Male;38
190;A/A;C/T;G/G;Ca;Female;34
191;A/G;C/T;A/G;Ca;Male;49
192;A/G;C/C;A/G;Ca;Female;27
194;G/G;C/C;A/A;Ca;Male;55
195;A/A;C/C;G/G;Ca;Female;64
196;A/A;C/T;G/G;Ca;Female;70
197;A/A;C/T;G/G;Ca;Male;47
198;A/A;T/T;G/G;Ca;Male;61
199;A/A;T/T;G/G;Ca;Male;60
200;A/G;C/C;A/G;Ca;Male;58
201;A/A;C/T;G/G;Ca;Male;59
202;A/G;C/C;A/G;Ca;Male;52
203;A/G;C/C;G/G;Ca;Male;25
204;A/A;C/T;G/G;Ca;Female;42
205;A/A;C/C;G/G;Ca;Male;82
206;A/A;C/T;G/G;Ca;Female;76
207;A/A;C/T;G/G;Ca;Female;68
208;A/A;C/C;G/G;Ca;Male;55
209;A/A;C/T;G/G;Ca;Male;64
210;A/G;C/C;A/G;Ca;Male;79
211;A/G;C/C;A/G;Ca;Female;50
212;A/G;C/T;A/G;Ca;Male;37
213;A/G;C/T;A/G;Ca;Male;39
214;A/G;C/C;A/G;Ca;Male;66
215;A/A;C/C;G/G;Ca;Female;58
216;A/G;C/C;A/G;Ca;Male;51
217;A/A;C/C;G/G;Ca;Female;62
218;A/A;C/T;G/G;Ca;Female;52
219;A/G;C/C;A/G;Ca;Male;67
220;A/A;C/T;G/G;Ca;Male;50
221;A/G;C/T;A/G;Ca;Female;50
222;A/A;C/C;G/G;Ca;Female;51
224;A/G;C/C;A/G;Ca;Female;66
225;A/A;C/T;G/G;Ca;Male;24
226;A/A;C/C;G/G;Ca;Male;75
227;A/G;C/C;A/G;Ca;Female;81
228;A/G;C/T;A/G;Ca;Female;53
245;A/G;C/T;A/G;Ca;Female;43
193;A/G;C/C;A/G;Ca;Male;52
223;A/G;C/C;A/G;Ca;Female;64
229;A/G;C/T;A/G;Ca;Female;55
230;A/G;C/C;G/G;Ca;Female;53
231;A/G;C/T;G/G;Ca;Female;25
232;A/G;C/C;A/G;Ca;Female;66
233;A/G;C/C;A/G;Ca;Female;60
234;A/G;C/C;A/G;Ca;Female;75
235;A/A;C/T;G/G;Ca;Male;61
236;A/A;C/T;G/G;Ca;Female;37
237;A/A;C/C;G/G;Ca;Male;77
238;A/A;C/C;G/G;Ca;Female;59
239;A/A;T/T;G/G;Ca;Female;67
240;A/A;C/T;G/G;Ca;Female;77
242;A/A;C/C;G/G;Ca;Female;47
243;A/G;T/T;A/G;Ca;Female;27
244;A/A;C/C;G/G;Ca;Male;63
246;A/A;T/T;G/G;Ca;Female;42
3;A/A;C/C;G/G;Co;Female;55
5;A/A;C/T;G/G;Co;Female;56
6;A/G;C/T;A/G;Co;Male;55
10;A/A;C/T;G/G;Co;Female;49
12;A/G;C/T;A/G;Co;Female;61
13;A/G;C/T;G/G;Co;Female;62
14;A/A;C/C;G/G;Co;Male;50
15;A/G;C/C;A/G;Co;Female;27
16;A/A;C/T;G/G;Co;Female;25
17;A/A;C/C;G/G;Co;Female;27
18;A/A;C/C;G/G;Co;Female;27
21;A/A;C/T;G/G;Co;Male;53
23;A/A;C/C;G/G;Co;Female;49
25;A/A;C/T;G/G;Co;Female;53
26;A/A;C/C;G/G;Co;Male;57
27;A/A;T/T;G/G;Co;Female;28
28;G/G;C/C;A/A;Co;Female;28
29;A/A;C/C;G/G;Co;Female;26
30;A/A;C/T;G/G;Co;Female;42
31;G/G;C/C;A/G;Co;Male;43
32;A/G;C/C;G/G;Co;Female;56
33;A/G;C/T;A/G;Co;Male;77
35;A/G;C/T;A/G;Co;Male;23
36;A/A;T/T;G/G;Co;Female;26
37;A/A;C/T;G/G;Co;Female;26
39;A/G;C/T;A/G;Co;Female;22
40;A/G;C/T;A/G;Co;Male;22
42;A/G;C/T;A/G;Co;Female;36
43;A/A;C/T;G/G;Co;Male;28
44;A/G;C/C;A/G;Co;Female;22
45;A/G;C/C;G/G;Co;Female;25
46;A/A;T/T;G/G;Co;Female;25
48;A/A;C/C;G/G;Co;Female;25
49;A/G;C/C;A/G;Co;Male;21
50;A/G;C/T;A/G;Co;Female;27
51;A/G;C/T;A/G;Co;Female;21
53;A/G;C/T;A/G;Co;Female;49
57;A/A;C/T;G/G;Co;Female;25
58;A/A;C/T;A/G;Co;Female;49
59;A/A;C/C;G/G;Co;Male;29
60;A/A;C/T;G/G;Co;Female;29
61;A/G;C/C;A/G;Co;Female;20
62;A/A;C/T;G/G;Co;Female;22
63;A/A;C/C;G/G;Co;Female;31
64;A/G;C/T;A/G;Co;Female;26
66;A/A;C/T;G/G;Co;Female;34
68;A/A;C/T;G/G;Co;Male;39
69;A/G;C/C;A/G;Co;Female;27
70;A/G;C/C;A/G;Co;Female;26
71;A/A;C/C;G/G;Co;Female;31
72;A/A;C/C;G/G;Co;Female;28
73;A/G;C/C;A/G;Co;Female;26
75;A/G;C/C;A/G;Co;Male;61
76;G/G;C/C;A/A;Co;Female;56
78;A/G;C/T;A/G;Co;Male;27
80;A/G;C/C;A/G;Co;Female;37
81;A/A;C/T;G/G;Co;Male;59
82;A/G;C/C;A/G;Co;Female;27
83;G/G;C/C;A/G;Co;Female;26
84;A/G;C/T;A/G;Co;Male;24
85;A/G;C/C;A/G;Co;Female;23
86;A/G;C/C;A/G;Co;Female;51
87;G/G;C/C;A/A;Co;Female;26
88;A/G;C/C;A/G;Co;Female;26
89;A/A;C/T;G/G;Co;Male;32
91;A/A;C/T;G/G;Co;Female;43
92;A/G;C/C;A/G;Co;Male;20
93;A/G;C/C;A/G;Co;Female;26
94;G/G;C/C;A/A;Co;Female;47
96;A/G;C/T;A/G;Co;Male;49
101;A/A;C/T;G/G;Co;Female;46
102;A/G;C/T;A/G;Co;Male;23
103;A/A;C/C;G/G;Co;Male;53
104;A/G;C/C;A/G;Co;Male;24
105;A/A;C/C;G/G;Co;Female;24
106;A/G;C/C;A/G;Co;Female;52
107;A/G;C/T;A/G;Co;Female;53
108;A/G;C/T;A/G;Co;Female;22
109;A/G;C/C;A/G;Co;Female;45
110;A/A;C/C;G/G;Co;Female;23
111;A/G;C/C;A/G;Co;Male;29
112;A/A;C/C;G/G;Co;Male;50
113;A/A;C/C;G/G;Co;Female;50
115;A/A;C/T;G/G;Co;Female;48
116;A/A;C/C;G/G;Co;Male;56
117;A/G;C/T;A/G;Co;Female;45
118;A/A;C/C;G/G;Co;Female;47
119;A/A;T/T;G/G;Co;Female;28
122;A/A;T/T;G/G;Co;Male;40
123;A/A;C/C;G/G;Co;Male;46
124;A/G;C/C;A/G;Co;Female;44
126;A/G;C/C;G/G;Co;Female;51
127;A/A;C/C;G/G;Co;Female;53
128;A/G;C/C;G/G;Co;Female;48
130;A/G;C/C;A/G;Co;Female;53
132;A/A;C/T;G/G;Co;Female;47
138;A/A;C/C;G/G;Co;Female;56
139;A/A;C/C;A/G;Co;Female;20
140;A/G;C/C;G/G;Co;Female;43
141;A/A;C/C;A/G;Co;Female;29
143;A/A;C/C;G/G;Co;Female;51
146;A/A;C/T;G/G;Co;Female;61
148;A/A;C/T;G/G;Co;Male;22
150;A/A;C/C;G/G;Co;Female;42
152;A/G;C/C;A/G;Co;Female;50
153;A/A;C/C;G/G;Co;Female;25
154;A/G;C/T;A/G;Co;Female;23
155;A/G;C/C;A/G;Co;Female;52
156;A/G;C/C;A/G;Co;Female;52
157;A/G;C/C;A/G;Co;Female;55
158;A/A;C/T;G/G;Co;Female;25
160;A/A;C/C;G/G;Co;Male;33
165;A/A;C/C;G/G;Co;Female;45
166;A/G;C/C;A/G;Co;Female;53
168;G/G;C/C;A/A;Co;Male;44
171;A/G;C/C;A/G;Co;Female;50
172;A/A;C/C;G/G;Co;Female;29
173;A/G;C/C;A/G;Co;Male;30
174;A/G;C/C;A/G;Co;Female;49
176;A/G;C/T;A/G;Co;Female;34
178;A/A;C/C;G/G;Co;Female;41
179;A/G;C/T;A/G;Co;Female;19
180;A/G;C/T;G/G;Co;Female;50
181;A/G;C/T;A/G;Co;Female;25
183;A/G;C/C;A/G;Co;Female;40
184;A/A;C/C;G/G;Co;Female;53
186;A/G;C/C;A/G;Co;Female;51
187;A/A;C/C;G/G;Co;Female;46
188;A/G;C/C;A/G;Co;Female;53
189;A/G;C/C;A/A;Co;Female;61
191;A/G;C/C;A/G;Co;Female;56
192;A/A;C/T;G/G;Co;Female;42
193;G/G;C/C;A/A;Co;Female;23
194;A/A;C/T;G/G;Co;Male;35
195;G/G;C/C;A/A;Co;Male;37
196;A/G;C/T;G/G;Co;Female;57
197;A/A;C/C;G/G;Co;Female;52
198;G/G;C/C;A/A;Co;Male;57
199;A/G;C/C;A/G;Co;Female;34
200;A/A;C/C;G/G;Co;Female;35
201;A/G;C/C;A/G;Co;Female;37
202;A/A;C/C;G/G;Co;Female;56
203;A/G;C/C;A/G;Co;Female;57
204;A/A;C/C;G/G;Co;Female;44
206;A/G;C/T;A/G;Co;Female;39
209;A/A;C/C;G/G;Co;Male;32
211;G/G;C/C;A/A;Co;Male;30
212;A/A;C/T;G/G;Co;Female;50
217;A/G;C/C;A/G;Co;Female;40
218;A/A;C/T;G/G;Co;Female;24
219;A/A;C/C;G/G;Co;Male;30
221;A/G;C/C;A/G;Co;Female;50
225;A/A;C/T;G/G;Co;Male;51
227;A/G;C/T;A/G;Co;Male;57
229;A/A;C/T;G/G;Co;Male;45
230;A/A;C/C;G/G;Co;Female;44
232;A/A;C/C;G/G;Co;Female;24
233;A/A;C/C;G/G;Co;Female;23
236;A/A;C/T;G/G;Co;Male;32
237;A/A;C/C;G/G;Co;Female;36
238;G/G;C/C;A/A;Co;Female;38
239;A/A;C/C;G/G;Co;Female;27
242;A/A;C/C;A/A;Co;Male;45
246;A/G;C/C;A/G;Co;Female;61
247;A/G;C/T;A/G;Co;Female;33
253;A/G;C/C;A/G;Co;Female;22
254;A/G;C/T;G/G;Co;Female;61
255;G/G;C/C;A/A;Co;Female;52
256;A/A;C/C;G/G;Co;Male;56
257;A/A;C/T;G/G;Co;Male;55
258;A/G;C/C;A/G;Co;Female;54
263;A/G;C/T;A/G;Co;Male;60
295;A/G;C/C;A/G;Co;Male;65
309;A/A;C/C;G/G;Co;Female;47
322;G/G;C/C;A/A;Co;Male;49
332;A/A;C/C;G/G;Co;Male;51
334;A/A;C/C;G/G;Co;Male;54
335;A/G;C/T;A/G;Co;Female;54
336;A/A;C/T;G/G;Co;Male;60
339;G/G;C/C;A/A;Co;Male;51
340;A/G;C/C;A/G;Co;Female;44
346;A/A;C/C;G/G;Co;Male;56
351;A/G;C/C;A/G;Co;Male;47
353;A/G;C/C;A/G;Co;Female;52
363;A/A;T/T;G/G;Co;Female;56
370;A/A;C/T;G/G;Co;Male;37
373;A/A;C/C;G/G;Co;Female;50
387;A/A;C/C;G/G;Co;Female;53
410;A/G;C/C;A/G;Co;Female;54
413;A/A;C/C;G/G;Co;Male;51
429;A/A;C/C;G/G;Co;Female;37
438;A/A;C/C;G/G;Co;Male;45
464;A/G;C/T;A/G;Co;Male;56
473;G/G;C/C;A/A;Co;Female;55
481;A/A;C/C;G/G;Co;Female;52
487;A/G;C/C;A/G;Co;Female;57
498;A/A;C/T;G/G;Co;Male;30
499;A/A;C/T;G/G;Co;Male;30
500;A/G;C/C;A/G;Co;Female;24
507;A/G;C/C;A/G;Co;Female;30
512;A/G;C/C;A/G;Co;Male;49
521;A/A;C/T;G/G;Co;Male;52
524;A/G;C/C;A/G;Co;Female;31
528;A/G;C/C;A/G;Co;Male;19
531;A/A;T/T;G/G;Co;Female;44
532;G/G;C/C;A/A;Co;Female;25
533;G/G;C/C;A/A;Co;Female;25
540;G/G;C/C;A/A;Co;Female;48
544;A/A;C/T;G/G;Co;Male;24
545;A/A;C/C;G/G;Co;Female;42
546;A/G;C/C;A/G;Co;Female;42
552;A/A;C/T;G/G;Co;Female;22
553;A/A;C/T;G/G;Co;Male;42
555;A/A;C/T;G/G;Co;Male;19
556;A/A;T/T;G/G;Co;Male;19
557;A/A;T/T;G/G;Co;Male;52
558;G/G;C/C;A/A;Co;Male;52
559;A/A;T/T;G/G;Co;Male;27
560;A/A;C/C;G/G;Co;Male;27
561;A/G;C/C;A/G;Co;Female;27
562;A/A;C/C;G/G;Co;Female;27
566;A/A;C/T;G/G;Co;Female;31
568;A/A;C/T;G/G;Co;Male;51
570;A/G;C/T;A/G;Co;Female;53
572;A/A;C/T;G/G;Co;Female;26
573;G/G;C/C;A/A;Co;Male;51
574;G/G;C/C;A/A;Co;Female;54
575;G/G;C/C;A/A;Co;Female;54
598;A/G;C/C;A/G;Co;Female;56
601;A/G;C/T;A/G;Co;Female;27
603;A/G;C/T;A/G;Co;Female;29
607;A/A;C/T;G/G;Co;Female;33
609;A/G;C/T;A/G;Co;Female;40
663;A/A;C/T;G/G;Co;Male;50
678;A/A;C/T;G/G;Co;Female;29
686;A/G;C/C;A/G;Co;Male;69
699;A/A;C/C;G/G;Co;Male;55
739;A/A;C/C;G/G;Co;Male;48
754;A/A;C/C;G/G;Co;Male;54
771;A/A;C/T;G/G;Co;Male;55
1018;A/A;C/T;A/G;Co;Male;63
1092;A/A;C/T;G/G;Co;Male;26
1095;A/A;C/C;G/G;Co;Male;57
1104;A/A;C/T;G/G;Co;Female;79
1116;G/G;C/C;A/G;Co;Female;51
1121;A/A;C/C;G/G;Co;Male;68
1122;A/G;C/C;A/G;Co;Female;67
1123;A/A;C/C;G/G;Co;Female;64
1126;A/G;C/C;A/G;Co;Female;66
1128;A/A;C/T;G/G;Co;Male;66
1103;A/A;C/T;G/G;Co;Female;67
1131;A/A;C/C;G/G;Co;Male;70
1132;A/A;C/C;G/G;Co;Female;43
1133;A/A;C/T;G/G;Co;Male;71
1137;A/A;C/C;G/G;Co;Female;51
1138;A/A;C/C;G/G;Co;Male;63
1143;A/A;C/T;G/G;Co;Male;67
1156;A/A;C/T;A/G;Co;Male;73
1161;A/A;C/C;G/G;Co;Male;71
1165;A/G;C/C;A/G;Co;Male;78
1166;A/G;C/C;A/G;Co;Female;55
1169;G/G;C/C;A/A;Co;Female;60
1181;A/G;C/C;A/G;Co;Male;64
1182;A/A;C/C;G/G;Co;Female;40
1183;G/G;C/C;A/A;Co;Female;44
1189;A/A;C/C;G/G;Co;Male;49
1193;A/G;C/C;A/G;Co;Male;50
1198;A/G;C/T;A/G;Co;Male;62
1199;A/A;C/C;G/G;Co;Male;57
1201;A/A;C/T;G/G;Co;Male;83
1204;A/G;C/T;A/G;Co;Male;42
1205;A/A;C/T;G/G;Co;Female;37
1206;A/G;C/C;A/G;Co;Female;68
1207;A/G;C/T;A/G;Co;Male;61
1208;A/G;C/T;A/G;Co;Male;52
1209;A/A;C/T;G/G;Co;Female;47
1210;A/G;C/C;G/G;Co;Female;49
1220;A/A;C/T;G/G;Co;Male;54
1221;A/G;C/T;A/G;Co;Male;73
1229;A/G;C/T;A/G;Co;Male;66
1231;A/G;C/C;A/G;Co;Male;52
1232;A/G;C/C;A/G;Co;Male;64
1235;A/G;C/T;A/G;Co;Male;65
1236;A/A;C/C;G/G;Co;Male;58
1237;A/G;C/C;A/G;Co;Male;69
1238;A/G;C/C;A/G;Co;Male;65
1239;A/G;C/C;A/G;Co;Male;56
1240;A/G;C/C;A/G;Co;Male;62
1105;A/G;C/C;A/G;Co;Female;73
1106;A/G;C/C;G/G;Co;Female;75
1124;A/A;C/C;G/G;Co;Female;59
1127;G/G;C/C;A/A;Co;Female;77
1130;A/G;C/C;A/G;Co;Female;70
715;A/G;C/T;G/G;Co;Female;82
1139;A/A;C/T;G/G;Co;Female;73
1140;A/A;C/C;G/G;Co;Female;62
1146;A/A;C/T;G/G;Co;Female;68
1152;A/A;C/T;G/G;Co;Female;61
1159;A/G;C/C;A/G;Co;Female;56
1171;A/A;C/C;G/G;Co;Female;64
1174;G/G;C/C;G/G;Co;Female;53
1178;A/A;C/T;G/G;Co;Female;53
1180;A/G;C/C;A/G;Co;Female;60
1188;A/G;C/C;A/G;Co;Female;49
1191;A/A;C/T;G/G;Co;Female;59
1203;A/G;C/C;G/G;Co;Female;55
1213;A/G;C/C;A/G;Co;Female;53
1215;G/G;C/C;A/A;Co;Female;50
1216;A/A;C/C;G/G;Co;Female;40
1217;A/G;C/T;A/G;Co;Female;67
1218;A/A;C/T;G/G;Co;Female;78
1222;A/G;C/T;A/G;Co;Female;72
307lor;G/G;C/C;A/G;Co;Male;76
322lor;A/G;C/C;A/G;Co;Male;64
334lor;A/G;C/C;A/G;Co;Male;64
1148;A/A;C/T;G/G;Co;Male;79
1017;A/A;C/T;G/G;Co;Male;70
1009;A/G;C/C;A/G;Co;Male;60
1011;A/G;C/T;A/G;Co;Male;60
1012;A/G;C/C;A/G;Co;Male;60
1014;A/A;C/C;G/G;Co;Male;59
915;A/A;C/T;G/G;Co;Male;59
927;A/A;C/T;G/G;Co;Male;62
958;A/A;C/C;G/G;Co;Male;62
959;A/G;C/T;A/G;Co;Male;61
961;A/A;C/C;G/G;Co;Male;63
963;A/G;C/C;A/G;Co;Male;61
965;A/A;C/T;G/G;Co;Male;69
967;A/G;C/C;A/G;Co;Male;62
969;A/A;C/T;G/G;Co;Male;61
982;A/G;C/C;A/G;Co;Male;59
859;A/A;C/T;G/G;Co;Male;64
860;A/G;C/T;A/G;Co;Male;70
866;A/G;C/C;A/G;Co;Male;63
867;A/A;C/T;G/G;Co;Male;65
868;A/G;C/C;A/G;Co;Male;63
873;A/G;C/C;A/G;Co;Male;69
874;A/A;C/C;G/G;Co;Male;59
875;A/G;C/C;A/G;Co;Male;67
876;A/G;C/C;G/G;Co;Male;66
877;G/G;C/C;A/A;Co;Male;61
878;A/G;C/T;A/G;Co;Male;63
879;A/A;C/C;G/G;Co;Male;61
880;A/A;C/T;G/G;Co;Male;61
881;A/A;C/C;G/G;Co;Male;64
882;A/A;C/C;G/G;Co;Male;61
883;A/A;C/C;G/G;Co;Male;72
885;A/A;C/T;G/G;Co;Male;65
901;A/G;C/C;A/G;Co;Male;62
902;A/A;C/T;G/G;Co;Male;63
905;A/G;C/C;A/G;Co;Male;62
906;A/A;C/C;G/G;Co;Male;61
821;A/G;C/C;A/G;Co;Male;71
822;A/A;C/C;G/G;Co;Male;62
829;A/G;C/C;A/G;Co;Male;62
830;A/G;C/T;A/G;Co;Male;71
832;A/G;C/C;G/G;Co;Male;64
834;A/G;C/C;A/G;Co;Male;69
835;A/A;C/T;G/G;Co;Male;66
837;A/A;C/T;G/G;Co;Male;70
839;A/G;C/C;A/G;Co;Male;69
842;A/G;C/T;A/G;Co;Male;66
843;G/G;C/C;A/G;Co;Male;70
845;A/A;C/C;G/G;Co;Male;62
847;A/G;C/C;A/G;Co;Male;68
848;A/G;C/T;A/G;Co;Male;69
849;A/G;C/C;A/G;Co;Male;66
850;A/G;C/C;G/G;Co;Male;64
851;A/A;C/C;G/G;Co;Male;64
853;A/G;C/C;A/G;Co;Male;61
856;G/G;C/C;A/A;Co;Male;65
857;A/G;C/C;A/G;Co;Male;72
1254;A/G;C/C;G/G;Co;Female;77
1260;A/A;T/T;G/G;Co;Female;72
1261;G/G;C/C;A/G;Co;Female;64
1264;A/G;C/C;A/G;Co;Female;70
1265;A/A;C/T;G/G;Co;Female;81
1266;A/G;C/T;A/G;Co;Female;74
1267;A/A;C/C;G/G;Co;Female;67
1269;A/A;C/T;G/G;Co;Female;63
1275;A/G;C/C;G/G;Co;Female;75
1276;A/A;C/T;G/G;Co;Female;67
1277;A/A;C/C;G/G;Co;Female;71
1287;A/G;C/T;A/G;Co;Female;76
1296;A/G;C/C;A/G;Co;Female;65
1298;A/A;C/T;G/G;Co;Female;63
1311;A/A;C/T;G/G;Co;Female;72