"id","snp1","snp2","snp3","snp4","status","sex","age"
1,"C/T","A/G","T/T","C/C","Case","Female",31
2,"C/T","G/G","G/T","G/G","Case","Female",59
3,"T/T","A/G","G/T","C/C","Case","Male",69
4,"C/T","A/A","T/T","C/C","Case","Female",80
5,"C/T","A/G","T/T","G/G","Control","Male",38
6,"T/T","A/G","T/T","G/G","Control","Male",41
7,"C/T","A/G","T/T","C/G","Control","Female",47
8,"T/T",NA,"T/T",NA,"Control","Female",42
9,"T/T","A/G","G/T","C/C","Case","Female",47
10,"C/T","A/G","T/T","C/G","Control","Female",53
11,"T/T","A/G","G/T","C/G","Case","Female",41
12,"C/C","A/A","G/T","C/G","Control","Male",79
13,"C/T","A/A","T/T","C/G","Case","Female",56
14,"C/T","A/A","G/T","G/G","Control","Male",54
15,"C/T","A/G","G/T","G/G","Case","Female",61
16,"C/T","A/G","G/T","C/G","Case","Male",55
17,NA,NA,"T/T","C/G","Control","Female",53
18,"T/T","A/G","G/T","G/G","Control","Female",73
19,"T/T","G/G",NA,"G/G","Control","Male",52
20,NA,"A/A","G/T","C/G","Control","Female",40
21,"T/T","G/G","T/T","C/G","Case","Male",60
22,"C/T","G/G","T/T","C/G","Case","Male",51
23,"T/T","A/G","G/T","C/G","Case","Male",49
24,"T/T","A/A","T/T","C/C","Case","Male",42
25,"T/T","A/G","G/T","C/G","Case","Female",60
26,"C/C","A/G","T/T","C/G","Control","Female",53
27,"T/T","G/G","T/T","C/C","Case","Female",61
28,"T/T","G/G","G/T","C/G","Case","Female",52
29,"T/T","A/G","G/T","C/G","Case","Male",47
30,"T/T","G/G","G/T","C/C","Case","Male",70
31,"T/T","A/A","G/T","C/G","Control","Male",52
32,"T/T","A/A","T/T","G/G","Control","Female",66
33,"T/T","A/G","T/T","C/C","Control","Female",41
34,"T/T","G/G","T/T","C/G","Control","Male",49
35,"C/T","A/G","G/T","C/C","Case","Male",52
36,"C/T","A/G","T/T","C/C","Control","Male",50
37,"T/T","G/G","G/T","G/G","Case","Male",71
38,"C/T","A/G","T/T","C/G","Control","Female",55
39,"C/C","G/G","T/T","G/G","Control","Female",58
40,"T/T","G/G","G/T","C/G","Control","Female",44
41,"C/T","G/G","T/T","C/C","Case","Male",46
42,NA,"A/G","T/T","C/G","Case","Male",67
43,"T/T","A/G","G/T","G/G","Control","Male",70
44,"C/T","A/G","G/T","G/G","Control","Female",70
45,"C/T","A/A","T/T","C/G","Control","Female",38
46,"T/T","A/G",NA,"C/G","Control","Female",80
47,"T/T","A/G","T/T","C/G","Control","Female",67
48,"T/T","A/G","T/T","C/G","Control","Male",55
49,"C/T","G/G","G/T","G/G","Control","Male",63
50,"T/T","A/A","T/T","G/G","Case","Male",43
51,"C/T","A/G","T/T","G/G","Control","Male",42
52,"C/T","A/G","T/T","C/G","Case","Female",56
53,"T/T",NA,"T/T","C/G","Control","Male",41
54,"T/T","G/G","G/T","C/G","Control","Male",57
55,"C/T","A/G","G/T","C/C","Control","Female",71
56,"T/T",NA,"T/T",NA,"Control","Female",43
57,"C/T","A/A","T/T","C/C","Case","Male",46
58,"C/C","A/G","T/T","C/G","Control","Male",56
59,"T/T","G/G","T/T","G/G","Case","Male",43
60,"C/C","A/A","T/T",NA,"Case","Female",50
61,"C/C","A/G","T/T","C/G","Case","Male",65
62,"C/T","A/G","G/T","C/G","Control","Male",67
63,"T/T","A/G","G/T","C/G","Control","Male",60
64,"T/T","A/G","T/T","G/G","Control","Female",33
65,"T/T","A/A","T/T","C/G","Control","Female",54
66,"C/T","A/G","T/T","G/G","Control","Male",68
67,"T/T","G/G","G/T","C/G","Control","Female",65
68,"T/T","G/G","T/T","C/C","Case","Male",53
69,"T/T","A/G",NA,"C/G","Control","Female",23
70,"T/T","A/A","G/G","G/G","Case","Male",56
71,"C/T","G/G","T/T","C/G","Control","Male",62
72,"C/T","G/G","T/T","G/G","Case","Male",56
73,"T/T","A/G","T/T","C/C","Control","Female",57
74,"C/T","A/A","G/T","G/G","Control","Male",60
75,"T/T","A/G","G/T","C/G","Control","Female",50
76,NA,"G/G","G/T","C/G","Control","Male",71
77,"T/T","G/G","G/T","G/G","Case","Female",61
78,"T/T","A/G","T/T","C/G","Case","Male",40
79,"C/C","G/G","T/T","C/G","Case","Male",72
80,"C/T","G/G","G/T","G/G","Case","Male",69
81,"C/C","A/G","T/T","G/G","Control","Female",65
82,"C/T","A/A","T/T","C/C","Case","Female",35
83,"C/T","G/G","T/T","C/C","Control","Male",48
84,"C/T","A/G",NA,"C/G","Case","Female",63
85,"C/C","G/G","T/T","C/C","Case","Female",56
86,"T/T","G/G","T/T","C/G","Control","Male",59
87,"T/T","A/G","G/T","G/G","Control","Male",85
88,NA,NA,"T/T","C/G","Case","Male",45
89,"C/T","G/G","T/T","C/C","Case","Male",30
90,"C/T","G/G","T/T","C/G","Case","Male",58
91,"T/T","A/G","G/T","C/G","Case","Male",47
92,"T/T",NA,"G/T","G/G","Control","Female",60
93,"C/T","A/A","T/T","G/G","Case","Male",45
94,"T/T","G/G","G/T","C/C","Control","Male",82
95,"T/T","A/G","G/T","C/C","Control","Female",54
96,"C/C","A/A","G/T","C/G","Control","Female",49
97,"T/T","G/G","G/T","C/G","Case","Male",53
98,"T/T","A/G","T/T","C/G","Control","Male",65
99,"C/T","A/G","T/T","C/C","Control","Male",56
100,"C/T","G/G","T/T","C/G","Control","Female",35
101,"T/T","G/G","G/T","G/G","Control","Male",55
102,"T/T","A/G",NA,NA,"Control","Female",64
103,"T/T","A/A",NA,"G/G","Case","Female",55
104,"T/T","G/G","G/T","C/G","Control","Female",64
105,"C/T","A/A","T/T","C/C","Case","Male",53
106,"C/C","G/G","T/T","G/G","Control","Male",54
107,"T/T","A/G","T/T","C/G","Control","Female",61
108,"T/T","G/G","T/T",NA,"Case","Male",67
109,"C/T","G/G","G/T","G/G","Control","Male",40
110,"T/T","G/G","T/T","C/G","Case","Female",55
111,"T/T","G/G","G/T","C/G","Control","Female",54
112,NA,"A/G","T/T","C/G","Case","Female",46
113,"C/C","A/G","T/T","G/G","Control","Female",43
114,"C/C","A/G","G/T","C/G","Case","Female",47
115,"C/T","G/G","T/T","C/C","Control","Male",62
116,"C/T","G/G","T/T","C/C","Control","Female",50
117,"C/C","A/G","G/T","C/G","Case","Male",46
118,"C/T","A/G","T/T","C/G","Case","Female",57
119,"T/T","G/G","T/T","G/G","Case","Male",40
120,"T/T","A/G","G/T",NA,"Control","Male",68
121,"C/T","A/G","T/T","C/C","Case","Male",49
122,"C/C","A/G","T/T","C/C","Control","Male",57
123,"C/C","G/G","G/T","C/G","Control","Male",56
124,"T/T","A/G","T/T","C/G","Control","Female",55
125,"C/T","A/A","T/T","C/C","Control","Male",77
126,"C/T","A/G","T/T","C/G","Case","Female",45
127,"T/T","G/G","T/T","C/G","Case","Male",69
128,"T/T","A/G","T/T","G/G","Control","Female",55
129,"T/T","A/G","T/T","G/G","Case","Female",45
130,"T/T","A/G","G/T","C/G","Case","Male",54
131,"T/T","A/G","T/T","C/G","Case","Male",64
132,"C/C","A/G","T/T","C/C","Control","Female",50
133,"C/T","A/G","G/T","C/G","Case","Female",46
134,"C/C","A/A","T/T","G/G","Case","Male",57
135,"C/T","A/G","T/T","C/G","Control","Female",67
136,"T/T","A/A","T/T","G/G","Control","Female",54
137,"T/T","G/G","G/T","C/G","Control","Female",38
138,"T/T","G/G","T/T","C/C","Case","Female",39
139,"T/T","A/A","T/T","C/G","Case","Female",46
140,"C/T","A/G","G/T","C/G","Control","Male",49
141,"C/T","G/G","T/T","C/G","Case","Male",55
142,"C/T","G/G","T/T","G/G","Case","Male",63
143,"T/T","A/G","T/T","C/G","Control","Male",50
144,"T/T","G/G","T/T",NA,"Case","Male",42
145,"C/T","A/G","T/T","C/C","Case","Female",62
146,"T/T","A/G","T/T","C/G","Case","Male",58
147,"T/T","A/G","T/T","C/G","Control","Female",69
148,"C/T",NA,"G/G","C/G","Control","Female",35
149,"C/T","A/G","T/T","G/G","Case","Female",56
150,"T/T","A/G","G/T","G/G","Control","Female",71
151,"T/T",NA,"T/T","C/G","Control","Male",64
152,"T/T","G/G","T/T","C/G","Control","Male",45
153,"T/T","A/G","G/T","G/G","Case","Female",64
154,"C/T","A/G","T/T","C/C","Case","Female",45
155,"T/T","G/G","T/T","G/G","Case","Female",50
156,"C/T","A/A","T/T","C/C","Case","Male",69
157,"C/T","A/A","T/T","C/G","Case","Male",52
158,NA,"A/G","T/T","G/G","Case","Male",65
159,"C/T","A/G","T/T","G/G","Case","Female",52
160,"C/T","A/G","G/T","C/G","Control","Male",36
161,"T/T","A/A","T/T","C/C","Case","Male",45
162,"C/T","G/G","T/T","C/G","Control","Male",42
163,"T/T","A/A","T/T","G/G","Control","Male",49
164,"C/T","G/G","T/T","C/G","Case","Female",51
165,"T/T","A/G","T/T","C/G","Control","Male",53
166,"C/T","G/G","T/T","C/G","Control","Female",52
167,"T/T",NA,"T/T","C/C","Case","Female",78
168,"T/T","G/G","T/T","G/G","Case","Female",38
169,"C/T","G/G","T/T","C/C","Control","Male",50
170,"T/T","A/G","T/T",NA,"Case","Female",59
171,"T/T","A/G","G/T",NA,"Control","Male",75
172,"T/T","A/G","T/T","G/G","Case","Male",56
173,"C/T","A/A","T/T","C/C","Control","Female",70
174,"C/T","G/G","T/T","C/G","Control","Male",35
175,"T/T","G/G",NA,"C/C","Case","Male",72
176,"T/T","A/G","G/T","C/C","Control","Female",47
177,NA,"A/G","T/T","C/G","Case","Male",52
178,"T/T","A/A","T/T","C/C","Control","Female",42
179,NA,"G/G","T/T","C/C","Control","Male",57
180,"T/T","A/G","T/T","G/G","Control","Male",76
181,"T/T","A/G","T/T","C/G","Control","Female",84
182,"T/T","A/A","T/T","C/G","Control","Female",42
183,"T/T","A/G","T/T","C/G","Control","Female",61
184,"C/T","A/G","T/T","C/G","Case","Male",72
185,"T/T","A/G",NA,"C/G","Control","Male",53
186,"T/T","G/G","T/T","C/G","Control","Female",52
187,"C/T","A/G","T/T","C/G","Control","Female",51
188,"T/T","G/G","G/T","C/C","Case","Male",62
189,"T/T",NA,"T/T","C/C","Control","Male",72
190,"C/T","G/G",NA,NA,"Control","Female",63
191,"C/T","G/G","G/T","C/G","Case","Male",59
192,NA,"A/G","G/T","C/C","Control","Male",51
193,"C/T","G/G","T/T","C/C","Control","Male",61
194,"C/T","A/A",NA,"C/G","Control","Female",48
195,"T/T","A/A","T/T","G/G","Control","Male",52
196,"T/T","A/G","T/T","C/G","Control","Female",68
197,"C/T","A/G","G/T","C/G","Case","Male",60
198,"T/T","G/G","G/T","C/G","Case","Female",58
199,"C/T","G/G","T/T","C/G","Control","Male",52
200,"T/T","A/G","G/T","C/G","Control","Male",66
